0.000000000000000000e+00,0.000000000000000000e+00,1.000000000000000000e+00
3.603603603603603434e-01,6.289433316067750621e-03,9.999802213186832489e-01
7.207207207207206867e-01,1.257861783874105778e-02,9.999208860571254798e-01
1.081081081081081141e+00,1.886730478446709339e-02,9.998219965624731698e-01
1.441441441441441373e+00,2.515524538937584723e-02,9.996835567465338634e-01
1.801801801801801606e+00,3.144219091912060088e-02,9.995055720856215187e-01
2.162162162162162282e+00,3.772789267871718560e-02,9.992880496203400131e-01
2.522522522522522515e+00,4.401210202238167030e-02,9.990309979553043673e-01
2.882882882882882747e+00,5.029457036336618114e-02,9.987344272588005722e-01
3.243243243243242979e+00,5.657504918379234471e-02,9.983983492623831335e-01
3.603603603603603212e+00,6.285329004448193813e-02,9.980227772604111092e-01
3.963963963963963888e+00,6.912904459478454167e-02,9.976077261095226412e-01
4.324324324324324564e+00,7.540206458240160392e-02,9.971532122280464261e-01
4.684684684684684797e+00,8.167210186320664200e-02,9.966592535953529008e-01
5.045045045045045029e+00,8.793890841106126455e-02,9.961258697511429228e-01
5.405405405405405261e+00,9.420223632762625421e-02,9.955530817946746103e-01
5.765765765765765494e+00,1.004618378521679456e-01,9.949409123839287883e-01
6.126126126126125726e+00,1.067174653713588994e-01,9.942893857347129272e-01
6.486486486486485958e+00,1.129688714290728313e-01,9.935985276197029092e-01
6.846846846846846191e+00,1.192158087361733371e-01,9.928683653674238441e-01
7.207207207207206423e+00,1.254580301802960263e-01,9.920989278611684892e-01
7.567567567567567544e+00,1.316952888356236195e-01,9.912902455378553856e-01
7.927927927927927776e+00,1.379273379726535798e-01,9.904423503868245993e-01
8.288288288288287120e+00,1.441539310679582631e-01,9.895552759485719552e-01
8.648648648648649129e+00,1.503748218139367154e-01,9.886290573134226545e-01
9.009009009009009361e+00,1.565897641285576847e-01,9.876637311201432734e-01
9.369369369369369593e+00,1.627985121650943334e-01,9.866593355544920341e-01
9.729729729729729826e+00,1.690008203218490712e-01,9.856159103477084571e-01
1.009009009009009006e+01,1.751964432518690051e-01,9.845334967749419519e-01
1.045045045045045029e+01,1.813851358726510654e-01,9.834121376536186787e-01
1.081081081081081052e+01,1.875666533758371390e-01,9.822518773417481253e-01
1.117117117117117076e+01,1.937407512368976292e-01,9.810527617361680663e-01
1.153153153153153099e+01,1.999071852248045789e-01,9.798148382707294601e-01
1.189189189189189122e+01,2.060657114116925537e-01,9.785381559144196162e-01
1.225225225225225145e+01,2.122160861825078959e-01,9.772227651694256334e-01
1.261261261261261168e+01,2.183580662446454324e-01,9.758687180691361096e-01
1.297297297297297192e+01,2.244914086375725815e-01,9.744760681760832322e-01
1.333333333333333215e+01,2.306158707424401377e-01,9.730448705798238063e-01
1.369369369369369238e+01,2.367312102916797056e-01,9.715751818947602203e-01
1.405405405405405261e+01,2.428371853785871448e-01,9.700670602579007928e-01
1.441441441441441285e+01,2.489335544668916100e-01,9.685205653265598347e-01
1.477477477477477485e+01,2.550200764003104359e-01,9.669357582759983138e-01
1.513513513513513509e+01,2.610965104120882563e-01,9.653127017970033474e-01
1.549549549549549532e+01,2.671626161345213024e-01,9.636514600934086294e-01
1.585585585585585555e+01,2.732181536084658524e-01,9.619520988795547956e-01
1.621621621621621401e+01,2.792628832928300553e-01,9.602146853776895030e-01
1.657657657657657424e+01,2.852965660740496845e-01,9.584392883153086684e-01
1.693693693693693447e+01,2.913189632755471825e-01,9.566259779224377535e-01
1.729729729729729826e+01,2.973298366671723314e-01,9.547748259288535433e-01
1.765765765765765849e+01,3.033289484746266584e-01,9.528859055612467488e-01
1.801801801801801872e+01,3.093160613888689126e-01,9.509592915403253244e-01
1.837837837837837895e+01,3.152909385755024996e-01,9.489950600778587209e-01
1.873873873873873919e+01,3.212533436841437107e-01,9.469932888736632970e-01
1.909909909909909942e+01,3.272030408577716321e-01,9.449540571125283339e-01
1.945945945945945965e+01,3.331397947420575711e-01,9.428774454610842071e-01
1.981981981981981988e+01,3.390633704946752203e-01,9.407635360646109390e-01
2.018018018018018012e+01,3.449735337945905034e-01,9.386124125437892429e-01
2.054054054054054035e+01,3.508700508513304950e-01,9.364241599913923908e-01
2.090090090090090058e+01,3.567526884142317445e-01,9.341988649689197954e-01
2.126126126126126081e+01,3.626212137816668957e-01,9.319366155031739707e-01
2.162162162162162105e+01,3.684753948102498788e-01,9.296375010827770957e-01
2.198198198198198128e+01,3.743149999240188985e-01,9.273016126546322901e-01
2.234234234234234151e+01,3.801397981235966617e-01,9.249290426203250481e-01
2.270270270270270174e+01,3.859495589953287342e-01,9.225198848324687173e-01
2.306306306306306197e+01,3.917440527203973066e-01,9.200742345909913578e-01
2.342342342342342221e+01,3.975230500839129211e-01,9.175921886393665350e-01
2.378378378378378244e+01,4.032863224839812188e-01,9.150738451607860480e-01
2.414414414414414267e+01,4.090336419407458735e-01,9.125193037742761470e-01
2.450450450450450290e+01,4.147647811054069877e-01,9.099286655307567973e-01
2.486486486486486314e+01,4.204795132692142889e-01,9.073020329090444314e-01
2.522522522522522337e+01,4.261776123724352883e-01,9.046395098117980815e-01
2.558558558558558360e+01,4.318588530132972947e-01,9.019412015614095557e-01
2.594594594594594383e+01,4.375230104569042822e-01,8.992072148958367706e-01
2.630630630630630407e+01,4.431698606441261123e-01,8.964376579643817955e-01
2.666666666666666430e+01,4.487991802004621111e-01,8.936326403234122751e-01
2.702702702702702453e+01,4.544107464448773892e-01,8.907922729320283395e-01
2.738738738738738476e+01,4.600043373986109629e-01,8.879166681476730050e-01
2.774774774774774500e+01,4.655797317939570634e-01,8.850059397216873958e-01
2.810810810810810523e+01,4.711367090830178017e-01,8.820602027948114543e-01
2.846846846846846546e+01,4.766750494464274124e-01,8.790795738926289182e-01
2.882882882882882569e+01,4.821945338020476868e-01,8.760641709209582295e-01
2.918918918918918948e+01,4.876949438136345405e-01,8.730141131611881544e-01
2.954954954954954971e+01,4.931760618994743828e-01,8.699295212655596687e-01
2.990990990990990994e+01,4.986376712409914536e-01,8.668105172523928870e-01
3.027027027027027017e+01,5.040795557913246849e-01,8.636572245012605897e-01
3.063063063063063041e+01,5.095015002838731988e-01,8.604697677481076834e-01
3.099099099099099064e+01,5.149032902408126056e-01,8.572482730803168138e-01
3.135135135135135087e+01,5.202847119815789956e-01,8.539928679317206894e-01
3.171171171171171110e+01,5.256455526313207338e-01,8.507036810775614466e-01
3.207207207207206778e+01,5.309856001293202787e-01,8.473808426293961693e-01
3.243243243243242802e+01,5.363046432373824723e-01,8.440244840299503393e-01
3.279279279279278825e+01,5.416024715481899676e-01,8.406347380479182174e-01
3.315315315315314848e+01,5.468788754936272367e-01,8.372117387727108229e-01
3.351351351351350871e+01,5.521336463530701621e-01,8.337556216091516204e-01
3.387387387387386894e+01,5.573665762616420993e-01,8.302665232721208044e-01
3.423423423423422918e+01,5.625774582184369654e-01,8.267445817811465147e-01
3.459459459459459651e+01,5.677660860947079113e-01,8.231899364549452036e-01
3.495495495495495675e+01,5.729322546420199114e-01,8.196027279059114878e-01
3.531531531531531698e+01,5.780757595003707117e-01,8.159830980345545992e-01
3.567567567567567721e+01,5.831963972062733648e-01,8.123311900238858740e-01
3.603603603603603744e+01,5.882939652008051246e-01,8.086471483337549504e-01
3.639639639639639768e+01,5.933682618376203699e-01,8.049311186951347841e-01
3.675675675675675791e+01,5.984190863909268909e-01,8.011832481043574816e-01
3.711711711711711814e+01,6.034462390634262041e-01,7.974036848172989522e-01
3.747747747747747837e+01,6.084495209942171190e-01,7.935925783435149317e-01
3.783783783783783861e+01,6.134287342666617793e-01,7.897500794403260471e-01
3.819819819819819884e+01,6.183836819162153997e-01,7.858763401068548093e-01
3.855855855855855907e+01,6.233141679382167011e-01,7.819715135780129778e-01
3.891891891891891930e+01,6.282199972956422629e-01,7.780357543184395208e-01
3.927927927927927954e+01,6.331009759268213521e-01,7.740692180163906144e-01
3.963963963963963977e+01,6.379569107531118943e-01,7.700720615775812350e-01
4.000000000000000000e+01,6.427876096865392519e-01,7.660444431189780135e-01
4.036036036036036023e+01,6.475928816373940355e-01,7.619865219625450159e-01
4.072072072072072046e+01,6.523725365217909467e-01,7.578984586289408965e-01
4.108108108108108070e+01,6.571263852691885399e-01,7.537804148311695318e-01
4.144144144144144093e+01,6.618542398298680185e-01,7.496325534681825831e-01
4.180180180180180116e+01,6.665559131823720618e-01,7.454550386184362054e-01
4.216216216216216139e+01,6.712312193409026850e-01,7.412480355334002402e-01
4.252252252252252163e+01,6.758799733626790207e-01,7.370117106310213329e-01
4.288288288288288186e+01,6.805019913552524669e-01,7.327462314891397543e-01
4.324324324324324209e+01,6.850970904837808684e-01,7.284517668388609257e-01
4.360360360360360232e+01,6.896650889782618421e-01,7.241284865578802021e-01
4.396396396396396256e+01,6.942058061407225811e-01,7.197765616637634700e-01
4.432432432432432279e+01,6.987190623523674704e-01,7.153961643071820031e-01
4.468468468468468302e+01,7.032046790806838477e-01,7.109874677651023545e-01
4.504504504504504325e+01,7.076624788865043536e-01,7.065506464339323944e-01
4.540540540540540349e+01,7.120922854310254291e-01,7.020858758226224960e-01
4.576576576576576372e+01,7.164939234827831793e-01,6.975933325457229772e-01
4.612612612612612395e+01,7.208672189245850515e-01,6.930731943163971343e-01
4.648648648648648418e+01,7.252119987603973250e-01,6.885256399393921978e-01
4.684684684684684441e+01,7.295280911221884157e-01,6.839508493039656578e-01
4.720720720720720465e+01,7.338153252767276591e-01,6.793490033767698444e-01
4.756756756756756488e+01,7.380735316323389084e-01,6.747202841946926544e-01
4.792792792792792511e+01,7.423025417456092789e-01,6.700648748576573110e-01
4.828828828828828534e+01,7.465021883280519299e-01,6.653829595213793802e-01
4.864864864864864558e+01,7.506723052527243256e-01,6.606747233900814864e-01
4.900900900900900581e+01,7.548127275607988684e-01,6.559403527091676178e-01
4.936936936936936604e+01,7.589232914680889008e-01,6.511800347578557968e-01
4.972972972972972627e+01,7.630038343715271898e-01,6.463939578417693399e-01
5.009009009009008651e+01,7.670541948555986700e-01,6.415823112854882604e-01
5.045045045045044674e+01,7.710742126987246703e-01,6.367452854250605920e-01
5.081081081081080697e+01,7.750637288796015101e-01,6.318830716004721904e-01
5.117117117117116720e+01,7.790225855834911339e-01,6.269958621480785643e-01
5.153153153153152743e+01,7.829506262084631185e-01,6.220838503929960739e-01
5.189189189189188767e+01,7.868476953715899391e-01,6.171472306414552689e-01
5.225225225225224790e+01,7.907136389150937195e-01,6.121861981731137048e-01
5.261261261261260813e+01,7.945483039124436875e-01,6.072009492333316771e-01
5.297297297297296836e+01,7.983515386744058917e-01,6.021916810254095420e-01
5.333333333333332860e+01,8.021231927550437346e-01,5.971585917027862900e-01
5.369369369369368883e+01,8.058631169576691011e-01,5.921018803612011494e-01
5.405405405405404906e+01,8.095711633407439711e-01,5.870217470308186636e-01
5.441441441441440929e+01,8.132471852237328491e-01,5.819183926683152430e-01
5.477477477477476953e+01,8.168910371929052339e-01,5.767920191489298576e-01
5.513513513513512976e+01,8.205025751070874618e-01,5.716428292584787574e-01
5.549549549549548999e+01,8.240816561033643683e-01,5.664710266853340004e-01
5.585585585585585022e+01,8.276281386027311004e-01,5.612768160123652317e-01
5.621621621621621046e+01,8.311418823156935254e-01,5.560604027088476009e-01
5.657657657657657069e+01,8.346227482478172366e-01,5.508219931223340415e-01
5.693693693693693092e+01,8.380705987052263772e-01,5.455617944704920230e-01
5.729729729729729115e+01,8.414852973000501724e-01,5.402800148329069962e-01
5.765765765765765138e+01,8.448667089558177246e-01,5.349768631428517551e-01
5.801801801801801872e+01,8.482146999128024056e-01,5.296525491790203821e-01
5.837837837837837895e+01,8.515291377333112921e-01,5.243072835572316626e-01
5.873873873873873919e+01,8.548098913069259730e-01,5.189412777220958617e-01
5.909909909909909942e+01,8.580568308556875134e-01,5.135547439386516366e-01
5.945945945945945965e+01,8.612698279392307921e-01,5.081478952839693086e-01
5.981981981981981988e+01,8.644487554598648815e-01,5.027209456387218278e-01
6.018018018018018012e+01,8.675934876676013596e-01,4.972741096787240411e-01
6.054054054054054035e+01,8.707039001651275534e-01,4.918076028664416510e-01
6.090090090090090058e+01,8.737798699127284907e-01,4.863216414424667566e-01
6.126126126126126081e+01,8.768212752331535631e-01,4.808164424169648066e-01
6.162162162162162105e+01,8.798279958164293424e-01,4.752922235610899659e-01
6.198198198198198128e+01,8.827999127246195510e-01,4.697492033983708959e-01
6.234234234234234151e+01,8.857369083965292988e-01,4.641876011960662241e-01
6.270270270270270174e+01,8.886388666523559188e-01,4.586076369564908162e-01
6.306306306306306197e+01,8.915056726982839574e-01,4.530095314083140146e-01
6.342342342342342221e+01,8.943372131310272088e-01,4.473935059978269013e-01
6.378378378378378244e+01,8.971333759423140153e-01,4.417597828801831938e-01
6.414414414414413557e+01,8.998940505233181675e-01,4.361085849106111079e-01
6.450450450450449580e+01,9.026191276690339604e-01,4.304401356355981867e-01
6.486486486486485603e+01,9.053084995825966264e-01,4.247546592840479307e-01
6.522522522522521626e+01,9.079620598795461461e-01,4.190523807584101146e-01
6.558558558558557650e+01,9.105797035920355498e-01,4.133335256257841817e-01
6.594594594594593673e+01,9.131613271729831505e-01,4.075983201089964370e-01
6.630630630630629696e+01,9.157068285001690455e-01,4.018469910776514276e-01
6.666666666666665719e+01,9.182161068802739967e-01,3.960797660391568997e-01
6.702702702702701743e+01,9.206890630528630215e-01,3.902968731297256078e-01
6.738738738738737766e+01,9.231255991943122519e-01,3.844985411053492008e-01
6.774774774774773789e+01,9.255256189216778395e-01,3.786849993327502939e-01
6.810810810810809812e+01,9.278890272965092390e-01,3.728564777803088370e-01
6.846846846846845835e+01,9.302157308286042037e-01,3.670132070089656140e-01
6.882882882882881859e+01,9.325056374797073833e-01,3.611554181631012050e-01
6.918918918918919303e+01,9.347586566671510777e-01,3.552833429613935223e-01
6.954954954954955326e+01,9.369746992674380381e-01,3.493972136876508650e-01
6.990990990990991349e+01,9.391536776197677572e-01,3.434972631816232136e-01
7.027027027027027373e+01,9.412955055295032514e-01,3.375837248297922644e-01
7.063063063063063396e+01,9.434000982715812222e-01,3.316568325561390917e-01
7.099099099099099419e+01,9.454673725938634865e-01,3.257168208128903841e-01
7.135135135135135442e+01,9.474972467204297866e-01,3.197639245712451950e-01
7.171171171171171466e+01,9.494896403548134245e-01,3.137983793120786014e-01
7.207207207207207489e+01,9.514444746831767219e-01,3.078204210166277655e-01
7.243243243243243512e+01,9.533616723774293034e-01,3.018302861571567353e-01
7.279279279279279535e+01,9.552411575982868719e-01,2.958282116876024825e-01
7.315315315315315559e+01,9.570828559982708095e-01,2.898144350342012343e-01
7.351351351351351582e+01,9.588866947246498240e-01,2.837891940860967077e-01
7.387387387387387605e+01,9.606526024223210891e-01,2.777527271859304703e-01
7.423423423423423628e+01,9.623805092366335412e-01,2.717052731204125382e-01
7.459459459459459651e+01,9.640703468161506695e-01,2.656470711108763205e-01
7.495495495495495675e+01,9.657220483153545754e-01,2.595783608038156332e-01
7.531531531531531698e+01,9.673355483972901903e-01,2.534993822614047820e-01
7.567567567567567721e+01,9.689107832361495420e-01,2.474103759520025203e-01
7.603603603603603744e+01,9.704476905197969572e-01,2.413115827406391856e-01
7.639639639639639768e+01,9.719462094522336448e-01,2.352032438794899316e-01
7.675675675675675791e+01,9.734062807560026620e-01,2.290856009983299746e-01
7.711711711711711814e+01,9.748278466745341486e-01,2.229588960949771825e-01
7.747747747747747837e+01,9.762108509744296114e-01,2.168233715257192329e-01
7.783783783783783861e+01,9.775552389476861448e-01,2.106792699957264203e-01
7.819819819819819884e+01,9.788609574138614766e-01,2.045268345494507811e-01
7.855855855855855907e+01,9.801279547221766197e-01,1.983663085610128385e-01
7.891891891891891930e+01,9.813561807535594594e-01,1.921979357245728603e-01
7.927927927927927954e+01,9.825455869226277228e-01,1.860219600446920141e-01
7.963963963963963977e+01,9.836961261796101086e-01,1.798386258266798932e-01
8.000000000000000000e+01,9.848077530122080203e-01,1.736481776669304145e-01
8.036036036036036023e+01,9.858804234473957928e-01,1.674508604432463632e-01
8.072072072072072046e+01,9.869140950531599676e-01,1.612469193051521976e-01
8.108108108108108070e+01,9.879087269401780613e-01,1.550365996641978050e-01
8.144144144144144093e+01,9.888642797634357162e-01,1.488201471842490187e-01
8.180180180180180116e+01,9.897807157237834552e-01,1.425978077717708903e-01
8.216216216216216139e+01,9.906579985694317081e-01,1.363698275660999992e-01
8.252252252252252163e+01,9.914960935973847755e-01,1.301364529297077965e-01
8.288288288288288186e+01,9.922949676548136200e-01,1.238979304384552199e-01
8.324324324324324209e+01,9.930545891403677050e-01,1.176545068718385240e-01
8.360360360360360232e+01,9.937749280054242185e-01,1.114064292032282688e-01
8.396396396396396256e+01,9.944559557552775653e-01,1.051539445900983027e-01
8.432432432432432279e+01,9.950976454502660218e-01,9.889730036424985993e-02
8.468468468468468302e+01,9.956999717068376610e-01,9.263674402202741465e-02
8.504504504504504325e+01,9.962629106985543270e-01,8.637252321452852655e-02
8.540540540540540349e+01,9.967864401570342148e-01,8.010488573780724653e-02
8.576576576576576372e+01,9.972705393728327206e-01,7.383407952307191602e-02
8.612612612612612395e+01,9.977151891962614538e-01,6.756035262687840048e-02
8.648648648648648418e+01,9.981203720381462974e-01,6.128395322131637707e-02
8.684684684684684441e+01,9.984860718705224070e-01,5.500512958419315895e-02
8.720720720720720465e+01,9.988122742272691479e-01,4.872413008921228084e-02
8.756756756756756488e+01,9.990989662046814157e-01,4.244120319614846232e-02
8.792792792792792511e+01,9.993461364619808940e-01,3.615659744101898387e-02
8.828828828828828534e+01,9.995537752217638072e-01,2.987056142625316851e-02
8.864864864864864558e+01,9.997218742703887218e-01,2.358334381085694376e-02
8.900900900900900581e+01,9.998504269583003978e-01,1.729519330057747994e-02
8.936936936936936604e+01,9.999394282002936896e-01,1.100635863806481186e-02
8.972972972972972627e+01,9.999888744757140513e-01,4.717088593032223512e-03
9.009009009009008651e+01,9.999987638285974256e-01,-1.572368047584414043e-03
9.045045045045044674e+01,9.999690958677468489e-01,-7.861762489468222467e-03
9.081081081081080697e+01,9.998998717667488823e-01,-1.415084594076207458e-02
9.117117117117116720e+01,9.997910942639262055e-01,-2.043936962191147608e-02
9.153153153153152743e+01,9.996427676622299252e-01,-2.672708477550474540e-02
9.189189189189188767e+01,9.994548978290692665e-01,-3.301374267611341395e-02
9.225225225225224790e+01,9.992274921960794254e-01,-3.929909464013114917e-02
9.261261261261260813e+01,9.989605597588274710e-01,-4.558289203561104175e-02
9.297297297297296836e+01,9.986541110764564078e-01,-5.186488629210102286e-02
9.333333333333332860e+01,9.983081582712681756e-01,-5.814482891047577373e-02
9.369369369369368883e+01,9.979227150282432568e-01,-6.442247147276805586e-02
9.405405405405404906e+01,9.974977965944996638e-01,-7.069756565199453169e-02
9.441441441441440929e+01,9.970334197786901997e-01,-7.696986322197922614e-02
9.477477477477476953e+01,9.965296029503367681e-01,-8.323911606717257494e-02
9.513513513513512976e+01,9.959863660391043982e-01,-8.950507619246637903e-02
9.549549549549548999e+01,9.954037305340125430e-01,-9.576749573300391560e-02
9.585585585585585022e+01,9.947817194825853138e-01,-1.020261269639840263e-01
9.621621621621621046e+01,9.941203574899393214e-01,-1.082807223104617217e-01
9.657657657657657069e+01,9.934196707178106767e-01,-1.145310343571407652e-01
9.693693693693693092e+01,9.926796868835202625e-01,-1.207768158581609547e-01
9.729729729729729115e+01,9.919004352588769446e-01,-1.270178197468785353e-01
9.765765765765765138e+01,9.910819466690196089e-01,-1.332537991456396731e-01
9.801801801801801162e+01,9.902242534911984695e-01,-1.394845073755455189e-01
9.837837837837837185e+01,9.893273896534935385e-01,-1.457096979662113323e-01
9.873873873873873208e+01,9.883913906334728106e-01,-1.519291246655154748e-01
9.909909909909909231e+01,9.874162934567889405e-01,-1.581425414493406456e-01
9.945945945945945255e+01,9.864021366957146375e-01,-1.643497025313059301e-01
9.981981981981981278e+01,9.853489604676165525e-01,-1.705503623724894668e-01
1.001801801801801730e+02,9.842568064333686584e-01,-1.767442756911415946e-01
1.005405405405405332e+02,9.831257177957042348e-01,-1.829311974723865641e-01
1.009009009009008935e+02,9.819557392975066801e-01,-1.891108829779161726e-01
1.012612612612612537e+02,9.807469172200397045e-01,-1.952830877556698541e-01
1.016216216216216139e+02,9.794992993811164617e-01,-2.014475676495050271e-01
1.019819819819819742e+02,9.782129351332085054e-01,-2.076040788088550082e-01
1.023423423423423344e+02,9.768878753614925747e-01,-2.137523776983753787e-01
1.027027027027026946e+02,9.755241724818387583e-01,-2.198922211075775845e-01
1.030630630630630549e+02,9.741218804387362651e-01,-2.260233661604489352e-01
1.034234234234234151e+02,9.726810547031601306e-01,-2.321455703250614455e-01
1.037837837837837753e+02,9.712017522703763062e-01,-2.382585914231648283e-01
1.041441441441441356e+02,9.696840316576876839e-01,-2.443621876397667203e-01
1.045045045045044958e+02,9.681279529021188379e-01,-2.504561175326982525e-01
1.048648648648648560e+02,9.665335775580413680e-01,-2.565401400421649658e-01
1.052252252252252163e+02,9.649009686947390696e-01,-2.626140145002818227e-01
1.055855855855855765e+02,9.632301908939125967e-01,-2.686775006405944244e-01
1.059459459459459367e+02,9.615213102471255047e-01,-2.747303586075827142e-01
1.063063063063062970e+02,9.597743943531891198e-01,-2.807723489661491101e-01
1.066666666666666572e+02,9.579895123154889003e-01,-2.868032327110899837e-01
1.070270270270270174e+02,9.561667347392510674e-01,-2.928227712765500979e-01
1.073873873873873777e+02,9.543061337287488399e-01,-2.988307265454596684e-01
1.077477477477477379e+02,9.524077828844514926e-01,-3.048268608589530526e-01
1.081081081081080981e+02,9.504717573001115749e-01,-3.108109370257710058e-01
1.084684684684684584e+02,9.484981335597952867e-01,-3.167827183316425654e-01
1.088288288288288186e+02,9.464869897348525685e-01,-3.227419685486490608e-01
1.091891891891891788e+02,9.444384053808290158e-01,-3.286884519445685826e-01
1.095495495495495391e+02,9.423524615343187305e-01,-3.346219332922011347e-01
1.099099099099098993e+02,9.402292407097589955e-01,-3.405421778786735243e-01
1.102702702702702595e+02,9.380688268961658860e-01,-3.464489515147233800e-01
1.106306306306306197e+02,9.358713055538121495e-01,-3.523420205439641295e-01
1.109909909909909800e+02,9.336367636108462431e-01,-3.582211518521272176e-01
1.113513513513513402e+02,9.313652894598543064e-01,-3.640861128762835075e-01
1.117117117117117004e+02,9.290569729543628474e-01,-3.699366716140429778e-01
1.120720720720720607e+02,9.267119054052851412e-01,-3.757725966327319367e-01
1.124324324324324209e+02,9.243301795773084528e-01,-3.815936570785483650e-01
1.127927927927927811e+02,9.219118896852251943e-01,-3.873996226856928904e-01
1.131531531531531414e+02,9.194571313902054621e-01,-3.931902637854787774e-01
1.135135135135135016e+02,9.169660017960135079e-01,-3.989653513154161057e-01
1.138738738738738618e+02,9.144385994451658117e-01,-4.047246568282732437e-01
1.142342342342342221e+02,9.118750243150338664e-01,-4.104679525011135643e-01
1.145945945945945823e+02,9.092753778138885634e-01,-4.161950111443075140e-01
1.149549549549549425e+02,9.066397627768894019e-01,-4.219056062105192018e-01
1.153153153153153028e+02,9.039682834620161866e-01,-4.275995118036689524e-01
1.156756756756756772e+02,9.012610455459446612e-01,-4.332765026878687142e-01
1.160360360360360374e+02,8.985181561198671840e-01,-4.389363542963307108e-01
1.163963963963963977e+02,8.957397236852553402e-01,-4.445788427402527776e-01
1.167567567567567579e+02,8.929258581495684854e-01,-4.502037448176733903e-01
1.171171171171171181e+02,8.900766708219058909e-01,-4.558108380223012679e-01
1.174774774774774784e+02,8.871922744086040424e-01,-4.613999005523172214e-01
1.178378378378378386e+02,8.842727830087777630e-01,-4.669707113191480241e-01
1.181981981981981988e+02,8.813183121098070449e-01,-4.725230499562118602e-01
1.185585585585585591e+02,8.783289785827687046e-01,-4.780566968276359630e-01
1.189189189189189193e+02,8.753049006778129693e-01,-4.835714330369442759e-01
1.192792792792792795e+02,8.722461980194863296e-01,-4.890670404357167489e-01
1.196396396396396398e+02,8.691529916019989921e-01,-4.945433016322186015e-01
1.200000000000000000e+02,8.660254037844387076e-01,-4.999999999999997780e-01
1.203603603603603602e+02,8.628635582859309761e-01,-5.054369196864646474e-01
1.207207207207207205e+02,8.596675801807451833e-01,-5.108538456214086754e-01
1.210810810810810807e+02,8.564375958933457822e-01,-5.162505635255288938e-01
1.214414414414414409e+02,8.531737331933927360e-01,-5.216268599188977895e-01
1.218018018018018012e+02,8.498761211906864510e-01,-5.269825221294096584e-01
1.221621621621621614e+02,8.465448903300605288e-01,-5.323173383011919890e-01
1.225225225225225216e+02,8.431801723862224485e-01,-5.376310974029872014e-01
1.228828828828828819e+02,8.397821004585397375e-01,-5.429235892364993044e-01
1.232432432432432421e+02,8.363508089657761824e-01,-5.481946044447096877e-01
1.236036036036036023e+02,8.328864336407735269e-01,-5.534439345201583871e-01
1.239639639639639626e+02,8.293891115250828783e-01,-5.586713718131919304e-01
1.243243243243243228e+02,8.258589809635432655e-01,-5.638767095401776563e-01
1.246846846846846830e+02,8.222961815988095724e-01,-5.690597417916836154e-01
1.250450450450450433e+02,8.187008543658281789e-01,-5.742202635406232769e-01
1.254054054054054035e+02,8.150731414862621982e-01,-5.793580706503670408e-01
1.257657657657657637e+02,8.114131864628657542e-01,-5.844729598828150019e-01
1.261261261261261239e+02,8.077211340738067458e-01,-5.895647289064395169e-01
1.264864864864864842e+02,8.039971303669405378e-01,-5.946331763042865814e-01
1.268468468468468444e+02,8.002413226540320279e-01,-5.996781015819447891e-01
1.272072072072072046e+02,7.964538595049290848e-01,-6.046993051754753212e-01
1.275675675675675649e+02,7.926348907416848055e-01,-6.096965884593068541e-01
1.279279279279279251e+02,7.887845674326314782e-01,-6.146697537540922740e-01
1.282882882882882711e+02,7.849030418864045844e-01,-6.196186043345285333e-01
1.286486486486486456e+02,7.809904676459176187e-01,-6.245429444371387584e-01
1.290090090090089916e+02,7.770469994822886139e-01,-6.294425792680156118e-01
1.293693693693693660e+02,7.730727933887178160e-01,-6.343173150105274605e-01
1.297297297297297121e+02,7.690680065743169536e-01,-6.391669588329846885e-01
1.300900900900900865e+02,7.650327974578898793e-01,-6.439913188962683721e-01
1.304504504504504325e+02,7.609673256616678039e-01,-6.487902043614169889e-01
1.308108108108108070e+02,7.568717520049916825e-01,-6.535634253971792651e-01
1.311711711711711530e+02,7.527462384979550780e-01,-6.583107931875185059e-01
1.315315315315315274e+02,7.485909483349906246e-01,-6.630321199390866171e-01
1.318918918918918735e+02,7.444060458884192988e-01,-6.677272188886480553e-01
1.322522522522522479e+02,7.401916967019436244e-01,-6.723959043104723587e-01
1.326126126126125939e+02,7.359480674841037962e-01,-6.770379915236759416e-01
1.329729729729729684e+02,7.316753261016784027e-01,-6.816532968995326902e-01
1.333333333333333144e+02,7.273736415730488458e-01,-6.862416378687334895e-01
1.336936936936936888e+02,7.230431840615094696e-01,-6.908028329286107772e-01
1.340540540540540349e+02,7.186841248685384986e-01,-6.953367016503176901e-01
1.344144144144144093e+02,7.142966364270212365e-01,-6.998430646859651327e-01
1.347747747747747553e+02,7.098808922944288557e-01,-7.043217437757161026e-01
1.351351351351351298e+02,7.054370671459531117e-01,-7.087725617548382706e-01
1.354954954954954758e+02,7.009653367675977576e-01,-7.131953425607098218e-01
1.358558558558558502e+02,6.964658780492217760e-01,-7.175899112397878810e-01
1.362162162162161962e+02,6.919388689775465284e-01,-7.219560939545240918e-01
1.365765765765765707e+02,6.873844886291103906e-01,-7.262937179902470008e-01
1.369369369369369167e+02,6.828029171631894156e-01,-7.306026117619883742e-01
1.372972972972972912e+02,6.781943358146664824e-01,-7.348826048212757645e-01
1.376576576576576372e+02,6.735589268868660273e-01,-7.391335278628710093e-01
1.380180180180180116e+02,6.688968737443397039e-01,-7.433552127314699831e-01
1.383783783783783861e+02,6.642083608056138511e-01,-7.475474924283536104e-01
1.387387387387387321e+02,6.594935735358961049e-01,-7.517102011179930265e-01
1.390990990990991065e+02,6.547526984397349370e-01,-7.558431741346121058e-01
1.394594594594594525e+02,6.499859230536468857e-01,-7.599462479886972543e-01
1.398198198198198270e+02,6.451934359386933826e-01,-7.640192603734693444e-01
1.401801801801801730e+02,6.403754266730259381e-01,-7.680620501712995818e-01
1.405405405405405475e+02,6.355320858443841425e-01,-7.720744574600861831e-01
1.409009009009008935e+02,6.306636050425572515e-01,-7.760563235195789833e-01
1.412612612612612679e+02,6.257701768518059149e-01,-7.800074908376581906e-01
1.416216216216216139e+02,6.208519948432437152e-01,-7.839278031165656246e-01
1.419819819819819884e+02,6.159092535671794044e-01,-7.878171052790868822e-01
1.423423423423423344e+02,6.109421485454230583e-01,-7.916752434746852085e-01
1.427027027027027088e+02,6.059508762635480439e-01,-7.955020650855900710e-01
1.430630630630630549e+02,6.009356341631231224e-01,-7.992974187328300006e-01
1.434234234234234293e+02,5.958966206338975891e-01,-8.030611542822256865e-01
1.437837837837837753e+02,5.908340350059583246e-01,-8.067931228503240071e-01
1.441441441441441498e+02,5.857480775418393293e-01,-8.104931768102920930e-01
1.445045045045044958e+02,5.806389494286058328e-01,-8.141611697977525486e-01
1.448648648648648702e+02,5.755068527698899983e-01,-8.177969567165777054e-01
1.452252252252252163e+02,5.703519905779014243e-01,-8.214003937446252568e-01
1.455855855855855907e+02,5.651745667653929051e-01,-8.249713383394301491e-01
1.459459459459459367e+02,5.599747861375954372e-01,-8.285096492438420723e-01
1.463063063063063112e+02,5.547528543841172555e-01,-8.320151864916135453e-01
1.466666666666666572e+02,5.495089780708062310e-01,-8.354878114129362654e-01
1.470270270270270316e+02,5.442433646315788520e-01,-8.389273866399274970e-01
1.473873873873873777e+02,5.389562223602166746e-01,-8.423337761120616163e-01
1.477477477477477521e+02,5.336477604021221399e-01,-8.457068450815561356e-01
1.481081081081080981e+02,5.283181887460517423e-01,-8.490464601186976656e-01
1.484684684684684726e+02,5.229677182158023463e-01,-8.523524891171240236e-01
1.488288288288288186e+02,5.175965604618787408e-01,-8.556248012990463891e-01
1.491891891891891930e+02,5.122049279531143418e-01,-8.588632672204260521e-01
1.495495495495495391e+02,5.067930339682725771e-01,-8.620677587760914307e-01
1.499099099099099135e+02,5.013610925876059721e-01,-8.652381492048082379e-01
1.502702702702702595e+02,4.959093186843895329e-01,-8.683743130942925825e-01
1.506306306306306340e+02,4.904379279164206018e-01,-8.714761263861723339e-01
1.509909909909909800e+02,4.849471367174879033e-01,-8.745434663808940856e-01
1.513513513513513544e+02,4.794371622888099482e-01,-8.775762117425776054e-01
1.517117117117117004e+02,4.739082225904433510e-01,-8.805742425038145527e-01
1.520720720720720749e+02,4.683605363326603932e-01,-8.835374400704153475e-01
1.524324324324324209e+02,4.627943229672992764e-01,-8.864656872260985310e-01
1.527927927927927954e+02,4.572098026790790137e-01,-8.893588681371303872e-01
1.531531531531531414e+02,4.516071963768953923e-01,-8.922168683569036141e-01
1.535135135135135158e+02,4.459867256850759687e-01,-8.950395748304679211e-01
1.538738738738738618e+02,4.403486129346197431e-01,-8.978268758989988996e-01
1.542342342342342363e+02,4.346930811543956441e-01,-9.005786613042183752e-01
1.545945945945945823e+02,4.290203540623265255e-01,-9.032948221927522559e-01
1.549549549549549567e+02,4.233306560565345267e-01,-9.059752511204398617e-01
1.553153153153153028e+02,4.176242122064670603e-01,-9.086198420565818612e-01
1.556756756756756772e+02,4.119012482439928236e-01,-9.112284903881355813e-01
1.560360360360360232e+02,4.061619905544726072e-01,-9.138010929238531421e-01
1.563963963963963977e+02,4.004066661678036820e-01,-9.163375478983631917e-01
1.567567567567567437e+02,3.946355027494410916e-01,-9.188377549761959084e-01
1.571171171171171181e+02,3.888487285913873603e-01,-9.213016152557540472e-01
1.574774774774774642e+02,3.830465726031680451e-01,-9.237290312732224784e-01
1.578378378378378386e+02,3.772292643027698733e-01,-9.261199070064258798e-01
1.581981981981981846e+02,3.713970338075684996e-01,-9.284741478786255886e-01
1.585585585585585591e+02,3.655501118252190151e-01,-9.307916607622620520e-01
1.589189189189189051e+02,3.596887296445361870e-01,-9.330723539826372148e-01
1.592792792792792795e+02,3.538131191263387820e-01,-9.353161373215428398e-01
1.596396396396396256e+02,3.479235126942840095e-01,-9.375229220208274317e-01
1.600000000000000000e+02,3.420201433256688794e-01,-9.396926207859083169e-01
1.603603603603603460e+02,3.361032445422162396e-01,-9.418251477892247703e-01
1.607207207207207205e+02,3.301730504008369982e-01,-9.439204186736328550e-01
1.610810810810810665e+02,3.242297954843711971e-01,-9.459783505557423089e-01
1.614414414414414409e+02,3.182737148923084347e-01,-9.479988620291954771e-01
1.618018018018017870e+02,3.123050442314898034e-01,-9.499818731678869588e-01
1.621621621621621614e+02,3.063240196067833487e-01,-9.519273055291265218e-01
1.625225225225225074e+02,3.003308776117508683e-01,-9.538350821567402882e-01
1.628828828828828819e+02,2.943258553192817928e-01,-9.557051275841169646e-01
1.632432432432432279e+02,2.883091902722222932e-01,-9.575373678371907893e-01
1.636036036036036023e+02,2.822811204739717472e-01,-9.593317304373701893e-01
1.639639639639639483e+02,2.762418843790744871e-01,-9.610881444044027111e-01
1.643243243243243228e+02,2.701917208837822382e-01,-9.628065402591843291e-01
1.646846846846846688e+02,2.641308693166064536e-01,-9.644868500265070255e-01
1.650450450450450433e+02,2.580595694288504438e-01,-9.661290072377478610e-01
1.654054054054053893e+02,2.519780613851254070e-01,-9.677329469334987611e-01
1.657657657657657637e+02,2.458865857538505562e-01,-9.692986056661354599e-01
1.661261261261261097e+02,2.397853834977362875e-01,-9.708259215023276045e-01
1.664864864864864842e+02,2.336746959642523602e-01,-9.723148340254890165e-01
1.668468468468468302e+02,2.275547648760827546e-01,-9.737652843381667811e-01
1.672072072072072046e+02,2.214258323215591018e-01,-9.751772150643721604e-01
1.675675675675675507e+02,2.152881407450907836e-01,-9.765505703518492231e-01
1.679279279279279251e+02,2.091419329375674152e-01,-9.778852958742850765e-01
1.682882882882882711e+02,2.029874520267618554e-01,-9.791813388334579260e-01
1.686486486486486456e+02,1.968249414677055442e-01,-9.804386479613267369e-01
1.690090090090089916e+02,1.906546450330647013e-01,-9.816571735220580575e-01
1.693693693693693660e+02,1.844768068034925435e-01,-9.828368673139947775e-01
1.697297297297297121e+02,1.782916711579761726e-01,-9.839776826715614932e-01
1.700900900900900865e+02,1.720994827641692815e-01,-9.850795744671114740e-01
1.704504504504504325e+02,1.659004865687136454e-01,-9.861424991127114570e-01
1.708108108108108070e+02,1.596949277875497619e-01,-9.871664145618657127e-01
1.711711711711711530e+02,1.534830518962166379e-01,-9.881512803111794918e-01
1.715315315315315274e+02,1.472651046201411129e-01,-9.890970574019614103e-01
1.718918918918918735e+02,1.410413319249197439e-01,-9.900037084217637728e-01
1.722522522522522479e+02,1.348119800065842588e-01,-9.908711975058637211e-01
1.726126126126125939e+02,1.285772952818691750e-01,-9.916994903386806559e-01
1.729729729729729684e+02,1.223375243784573102e-01,-9.924885541551350387e-01
1.733333333333333144e+02,1.160929141252308033e-01,-9.932383577419429121e-01
1.736936936936936888e+02,1.098437115425001803e-01,-9.939488714388522439e-01
1.740540540540540349e+02,1.035901638322395124e-01,-9.946200671398148785e-01
1.744144144144144093e+02,9.733251836830286718e-02,-9.952519182940990916e-01
1.747747747747747553e+02,9.107102268664109268e-02,-9.958443999073396391e-01
1.751351351351351298e+02,8.480592447550949764e-02,-9.963974885425265215e-01
1.754954954954954758e+02,7.853747156566996679e-02,-9.969111623209320205e-01
1.758558558558558502e+02,7.226591192058694213e-02,-9.973854009229762285e-01
1.762162162162161962e+02,6.599149362662092011e-02,-9.978201855890307392e-01
1.765765765765765707e+02,5.971446488320989593e-02,-9.982154991201608318e-01
1.769369369369369167e+02,5.343507399305791328e-02,-9.985713258788059266e-01
1.772972972972972912e+02,4.715356935230574642e-02,-9.988876517893978679e-01
1.776576576576576372e+02,4.087019944071213634e-02,-9.991644643389177016e-01
1.780180180180180116e+02,3.458521281181746454e-02,-9.994017525773912780e-01
1.783783783783783576e+02,2.829885808311871989e-02,-9.995995071183215730e-01
1.787387387387387321e+02,2.201138392622778439e-02,-9.997577201390606128e-01
1.790990990990990781e+02,1.572303905704125482e-02,-9.998763853811183377e-01
1.794594594594594525e+02,9.434072225897045805e-03,-9.999554981504109596e-01
1.798198198198197986e+02,3.144732207736687570e-03,-9.999950553174459245e-01
1.801801801801801730e+02,-3.144732207735998451e-03,-9.999950553174459245e-01
1.805405405405405190e+02,-9.434072225896357120e-03,-9.999554981504109596e-01
1.809009009009008935e+02,-1.572303905704100849e-02,-9.998763853811183377e-01
1.812612612612612395e+02,-2.201138392622709397e-02,-9.997577201390606128e-01
1.816216216216216139e+02,-2.829885808311803294e-02,-9.995995071183216840e-01
1.819819819819819600e+02,-3.458521281181677759e-02,-9.994017525773913890e-01
1.823423423423423344e+02,-4.087019944071144939e-02,-9.991644643389178126e-01
1.827027027027026804e+02,-4.715356935230505947e-02,-9.988876517893978679e-01
1.830630630630630549e+02,-5.343507399305722633e-02,-9.985713258788059266e-01
1.834234234234234009e+02,-5.971446488320965307e-02,-9.982154991201609429e-01
1.837837837837837753e+02,-6.599149362662022622e-02,-9.978201855890307392e-01
1.841441441441441214e+02,-7.226591192058669233e-02,-9.973854009229762285e-01
1.845045045045044958e+02,-7.853747156566927290e-02,-9.969111623209320205e-01
1.848648648648648702e+02,-8.480592447550926172e-02,-9.963974885425265215e-01
1.852252252252252163e+02,-9.107102268664041267e-02,-9.958443999073396391e-01
1.855855855855855907e+02,-9.733251836830261738e-02,-9.952519182940990916e-01
1.859459459459459367e+02,-1.035901638322392765e-01,-9.946200671398148785e-01
1.863063063063063112e+02,-1.098437115424999444e-01,-9.939488714388522439e-01
1.866666666666666572e+02,-1.160929141252301233e-01,-9.932383577419430232e-01
1.870270270270270316e+02,-1.223375243784570604e-01,-9.924885541551350387e-01
1.873873873873873777e+02,-1.285772952818684811e-01,-9.916994903386807669e-01
1.877477477477477521e+02,-1.348119800065844531e-01,-9.908711975058636101e-01
1.881081081081080981e+02,-1.410413319249190778e-01,-9.900037084217638839e-01
1.884684684684684726e+02,-1.472651046201413072e-01,-9.890970574019612993e-01
1.888288288288288186e+02,-1.534830518962159440e-01,-9.881512803111796028e-01
1.891891891891891930e+02,-1.596949277875495121e-01,-9.871664145618657127e-01
1.895495495495495391e+02,-1.659004865687129793e-01,-9.861424991127115680e-01
1.899099099099099135e+02,-1.720994827641690317e-01,-9.850795744671114740e-01
1.902702702702702595e+02,-1.782916711579755065e-01,-9.839776826715616043e-01
1.906306306306306340e+02,-1.844768068034922937e-01,-9.828368673139947775e-01
1.909909909909909800e+02,-1.906546450330644515e-01,-9.816571735220581685e-01
1.913513513513513544e+02,-1.968249414677052944e-01,-9.804386479613267369e-01
1.917117117117117004e+02,-2.029874520267611615e-01,-9.791813388334580370e-01
1.920720720720720749e+02,-2.091419329375671654e-01,-9.778852958742850765e-01
1.924324324324324209e+02,-2.152881407450900897e-01,-9.765505703518493341e-01
1.927927927927927954e+02,-2.214258323215592961e-01,-9.751772150643721604e-01
1.931531531531531414e+02,-2.275547648760820885e-01,-9.737652843381668921e-01
1.935135135135135158e+02,-2.336746959642525545e-01,-9.723148340254889055e-01
1.938738738738738618e+02,-2.397853834977356213e-01,-9.708259215023277156e-01
1.942342342342342363e+02,-2.458865857538503064e-01,-9.692986056661354599e-01
1.945945945945945823e+02,-2.519780613851247408e-01,-9.677329469334989831e-01
1.949549549549549567e+02,-2.580595694288501663e-01,-9.661290072377479721e-01
1.953153153153153028e+02,-2.641308693166062316e-01,-9.644868500265070255e-01
1.956756756756756772e+02,-2.701917208837820161e-01,-9.628065402591843291e-01
1.960360360360360232e+02,-2.762418843790742651e-01,-9.610881444044028221e-01
1.963963963963963977e+02,-2.822811204739715252e-01,-9.593317304373701893e-01
1.967567567567567437e+02,-2.883091902722216271e-01,-9.575373678371909003e-01
1.971171171171171181e+02,-2.943258553192815707e-01,-9.557051275841169646e-01
1.974774774774774642e+02,-3.003308776117502021e-01,-9.538350821567405102e-01
1.978378378378378386e+02,-3.063240196067835708e-01,-9.519273055291264107e-01
1.981981981981981846e+02,-3.123050442314891373e-01,-9.499818731678871808e-01
1.985585585585585591e+02,-3.182737148923086012e-01,-9.479988620291953660e-01
1.989189189189189051e+02,-3.242297954843705310e-01,-9.459783505557425309e-01
1.992792792792792795e+02,-3.301730504008367761e-01,-9.439204186736329660e-01
1.996396396396396256e+02,-3.361032445422156290e-01,-9.418251477892251033e-01
2.000000000000000000e+02,-3.420201433256686574e-01,-9.396926207859084279e-01
2.003603603603603460e+02,-3.479235126942837875e-01,-9.375229220208274317e-01
2.007207207207207205e+02,-3.538131191263385600e-01,-9.353161373215429508e-01
2.010810810810810665e+02,-3.596887296445355209e-01,-9.330723539826374369e-01
2.014414414414414409e+02,-3.655501118252187931e-01,-9.307916607622621630e-01
2.018018018018017870e+02,-3.713970338075678890e-01,-9.284741478786258106e-01
2.021621621621621614e+02,-3.772292643027700398e-01,-9.261199070064258798e-01
2.025225225225225074e+02,-3.830465726031673790e-01,-9.237290312732227004e-01
2.028828828828828819e+02,-3.888487285913875824e-01,-9.213016152557540472e-01
2.032432432432432279e+02,-3.946355027494404810e-01,-9.188377549761962415e-01
2.036036036036036023e+02,-4.004066661678038486e-01,-9.163375478983630806e-01
2.039639639639639483e+02,-4.061619905544719966e-01,-9.138010929238534752e-01
2.043243243243243228e+02,-4.119012482439926015e-01,-9.112284903881356923e-01
2.046846846846846688e+02,-4.176242122064664497e-01,-9.086198420565821943e-01
2.050450450450450433e+02,-4.233306560565343046e-01,-9.059752511204399728e-01
2.054054054054053893e+02,-4.290203540623263034e-01,-9.032948221927523669e-01
2.057657657657657637e+02,-4.346930811543954221e-01,-9.005786613042184863e-01
2.061261261261261097e+02,-4.403486129346191325e-01,-8.978268758989992326e-01
2.064864864864864842e+02,-4.459867256850757467e-01,-8.950395748304680321e-01
2.068468468468468302e+02,-4.516071963768947817e-01,-8.922168683569039471e-01
2.072072072072072046e+02,-4.572098026790791803e-01,-8.893588681371302762e-01
2.075675675675675507e+02,-4.627943229672986658e-01,-8.864656872260988640e-01
2.079279279279279251e+02,-4.683605363326605597e-01,-8.835374400704152364e-01
2.082882882882882711e+02,-4.739082225904427403e-01,-8.805742425038148857e-01
2.086486486486486456e+02,-4.794371622888097262e-01,-8.775762117425777165e-01
2.090090090090089916e+02,-4.849471367174872927e-01,-8.745434663808944187e-01
2.093693693693693660e+02,-4.904379279164204353e-01,-8.714761263861724450e-01
2.097297297297297121e+02,-4.959093186843893664e-01,-8.683743130942928046e-01
2.100900900900900865e+02,-5.013610925876057500e-01,-8.652381492048083489e-01
2.104504504504504325e+02,-5.067930339682723551e-01,-8.620677587760915417e-01
2.108108108108108070e+02,-5.122049279531141197e-01,-8.588632672204261631e-01
2.111711711711711530e+02,-5.175965604618781857e-01,-8.556248012990468332e-01
2.115315315315315274e+02,-5.229677182158022353e-01,-8.523524891171242457e-01
2.118918918918918735e+02,-5.283181887460510762e-01,-8.490464601186979987e-01
2.122522522522522479e+02,-5.336477604021223620e-01,-8.457068450815560245e-01
2.126126126126125939e+02,-5.389562223602160085e-01,-8.423337761120619493e-01
2.129729729729729684e+02,-5.442433646315789630e-01,-8.389273866399273860e-01
2.133333333333333144e+02,-5.495089780708055649e-01,-8.354878114129367095e-01
2.136936936936936888e+02,-5.547528543841170334e-01,-8.320151864916136564e-01
2.140540540540540349e+02,-5.599747861375948821e-01,-8.285096492438424054e-01
2.144144144144144093e+02,-5.651745667653926830e-01,-8.249713383394302602e-01
2.147747747747747553e+02,-5.703519905779012023e-01,-8.214003937446253678e-01
2.151351351351351298e+02,-5.755068527698897762e-01,-8.177969567165779274e-01
2.154954954954954758e+02,-5.806389494286052777e-01,-8.141611697977529927e-01
2.158558558558558502e+02,-5.857480775418391072e-01,-8.104931768102922041e-01
2.162162162162161962e+02,-5.908340350059577695e-01,-8.067931228503244512e-01
2.165765765765765707e+02,-5.958966206338973670e-01,-8.030611542822257976e-01
2.169369369369369167e+02,-6.009356341631225673e-01,-7.992974187328304447e-01
2.172972972972972912e+02,-6.059508762635481549e-01,-7.955020650855899600e-01
2.176576576576576372e+02,-6.109421485454225031e-01,-7.916752434746856526e-01
2.180180180180180116e+02,-6.159092535671795154e-01,-7.878171052790867712e-01
2.183783783783783576e+02,-6.208519948432431601e-01,-7.839278031165660687e-01
2.187387387387387321e+02,-6.257701768518058039e-01,-7.800074908376584126e-01
2.190990990990990781e+02,-6.306636050425566964e-01,-7.760563235195794274e-01
2.194594594594594525e+02,-6.355320858443839205e-01,-7.720744574600862942e-01
2.198198198198197986e+02,-6.403754266730258271e-01,-7.680620501712998038e-01
2.201801801801801730e+02,-6.451934359386931606e-01,-7.640192603734695664e-01
2.205405405405405190e+02,-6.499859230536464416e-01,-7.599462479886976984e-01
2.209009009009008935e+02,-6.547526984397347150e-01,-7.558431741346122168e-01
2.212612612612612395e+02,-6.594935735358956608e-01,-7.517102011179934706e-01
2.216216216216216139e+02,-6.642083608056139621e-01,-7.475474924283534994e-01
2.219819819819819600e+02,-6.688968737443391488e-01,-7.433552127314704272e-01
2.223423423423423344e+02,-6.735589268868658053e-01,-7.391335278628711203e-01
2.227027027027026804e+02,-6.781943358146659273e-01,-7.348826048212762085e-01
2.230630630630630549e+02,-6.828029171631889715e-01,-7.306026117619888183e-01
2.234234234234234009e+02,-6.873844886291098355e-01,-7.262937179902474449e-01
2.237837837837837753e+02,-6.919388689775460843e-01,-7.219560939545246470e-01
2.241441441441441214e+02,-6.964658780492212209e-01,-7.175899112397883250e-01
2.245045045045044958e+02,-7.009653367675972024e-01,-7.131953425607103769e-01
2.248648648648648418e+02,-7.054370671459528896e-01,-7.087725617548384927e-01
2.252252252252252163e+02,-7.098808922944283006e-01,-7.043217437757166577e-01
2.255855855855855623e+02,-7.142966364270206814e-01,-6.998430646859655768e-01
2.259459459459459367e+02,-7.186841248685380545e-01,-6.953367016503182452e-01
2.263063063063062827e+02,-7.230431840615090255e-01,-6.908028329286112212e-01
2.266666666666666572e+02,-7.273736415730486238e-01,-6.862416378687336005e-01
2.270270270270270032e+02,-7.316753261016779586e-01,-6.816532968995332453e-01
2.273873873873873777e+02,-7.359480674841033521e-01,-6.770379915236763857e-01
2.277477477477477237e+02,-7.401916967019431803e-01,-6.723959043104729139e-01
2.281081081081080981e+02,-7.444060458884188547e-01,-6.677272188886486104e-01
2.284684684684684441e+02,-7.485909483349901805e-01,-6.630321199390871723e-01
2.288288288288288186e+02,-7.527462384979546339e-01,-6.583107931875189500e-01
2.291891891891891646e+02,-7.568717520049915715e-01,-6.535634253971794871e-01
2.295495495495495391e+02,-7.609673256616676928e-01,-6.487902043614172110e-01
2.299099099099098851e+02,-7.650327974578897683e-01,-6.439913188962685942e-01
2.302702702702702595e+02,-7.690680065743168425e-01,-6.391669588329849105e-01
2.306306306306306055e+02,-7.730727933887174830e-01,-6.343173150105280156e-01
2.309909909909909800e+02,-7.770469994822885029e-01,-6.294425792680158338e-01
2.313513513513513544e+02,-7.809904676459177297e-01,-6.245429444371385364e-01
2.317117117117117004e+02,-7.849030418864043623e-01,-6.196186043345287553e-01
2.320720720720720749e+02,-7.887845674326315892e-01,-6.146697537540920520e-01
2.324324324324324209e+02,-7.926348907416846945e-01,-6.096965884593070761e-01
2.327927927927927954e+02,-7.964538595049291958e-01,-6.046993051754752102e-01
2.331531531531531414e+02,-8.002413226540319169e-01,-5.996781015819450111e-01
2.335135135135135158e+02,-8.039971303669406488e-01,-5.946331763042864704e-01
2.338738738738738618e+02,-8.077211340738066347e-01,-5.895647289064396279e-01
2.342342342342342363e+02,-8.114131864628658652e-01,-5.844729598828148909e-01
2.345945945945945823e+02,-8.150731414862619761e-01,-5.793580706503672628e-01
2.349549549549549567e+02,-8.187008543658280679e-01,-5.742202635406234990e-01
2.353153153153153028e+02,-8.222961815988091283e-01,-5.690597417916841705e-01
2.356756756756756772e+02,-8.258589809635431545e-01,-5.638767095401778784e-01
2.360360360360360232e+02,-8.293891115250824342e-01,-5.586713718131924855e-01
2.363963963963963977e+02,-8.328864336407734159e-01,-5.534439345201586091e-01
2.367567567567567437e+02,-8.363508089657758493e-01,-5.481946044447102429e-01
2.371171171171171181e+02,-8.397821004585396265e-01,-5.429235892364995264e-01
2.374774774774774642e+02,-8.431801723862220044e-01,-5.376310974029877565e-01
2.378378378378378386e+02,-8.465448903300604178e-01,-5.323173383011922111e-01
2.381981981981981846e+02,-8.498761211906860069e-01,-5.269825221294102136e-01
2.385585585585585591e+02,-8.531737331933926249e-01,-5.216268599188980115e-01
2.389189189189189051e+02,-8.564375958933458932e-01,-5.162505635255286718e-01
2.392792792792792795e+02,-8.596675801807450723e-01,-5.108538456214088974e-01
2.396396396396396256e+02,-8.628635582859310871e-01,-5.054369196864645364e-01
2.400000000000000000e+02,-8.660254037844383745e-01,-5.000000000000004441e-01
2.403603603603603460e+02,-8.691529916019988811e-01,-4.945433016322187680e-01
2.407207207207207205e+02,-8.722461980194864406e-01,-4.890670404357165824e-01
2.410810810810810665e+02,-8.753049006778128582e-01,-4.835714330369444980e-01
2.414414414414414409e+02,-8.783289785827688156e-01,-4.780566968276357964e-01
2.418018018018017870e+02,-8.813183121098069339e-01,-4.725230499562120823e-01
2.421621621621621614e+02,-8.842727830087778740e-01,-4.669707113191478021e-01
2.425225225225225074e+02,-8.871922744086039314e-01,-4.613999005523174435e-01
2.428828828828828819e+02,-8.900766708219060019e-01,-4.558108380223011014e-01
2.432432432432432279e+02,-8.929258581495683744e-01,-4.502037448176736123e-01
2.436036036036036023e+02,-8.957397236852554512e-01,-4.445788427402526111e-01
2.439639639639639483e+02,-8.985181561198670730e-01,-4.389363542963309328e-01
2.443243243243243228e+02,-9.012610455459447723e-01,-4.332765026878685477e-01
2.446846846846846688e+02,-9.039682834620158536e-01,-4.275995118036695630e-01
2.450450450450450433e+02,-9.066397627768892908e-01,-4.219056062105194238e-01
2.454054054054053893e+02,-9.092753778138882303e-01,-4.161950111443081801e-01
2.457657657657657637e+02,-9.118750243150336443e-01,-4.104679525011139529e-01
2.461261261261261097e+02,-9.144385994451654787e-01,-4.047246568282740764e-01
2.464864864864864842e+02,-9.169660017960132858e-01,-3.989653513154165498e-01
2.468468468468468302e+02,-9.194571313902051291e-01,-3.931902637854796101e-01
2.472072072072072046e+02,-9.219118896852249723e-01,-3.873996226856933345e-01
2.475675675675675507e+02,-9.243301795773081198e-01,-3.815936570785491977e-01
2.479279279279279251e+02,-9.267119054052849192e-01,-3.757725966327325473e-01
2.482882882882882711e+02,-9.290569729543627364e-01,-3.699366716140431999e-01
2.486486486486486456e+02,-9.313652894598539733e-01,-3.640861128762841736e-01
2.490090090090089916e+02,-9.336367636108461321e-01,-3.582211518521274951e-01
2.493693693693693660e+02,-9.358713055538118164e-01,-3.523420205439647956e-01
2.497297297297297121e+02,-9.380688268961657750e-01,-3.464489515147236021e-01
2.500900900900900865e+02,-9.402292407097587734e-01,-3.405421778786741904e-01
2.504504504504504325e+02,-9.423524615343186195e-01,-3.346219332922015788e-01
2.508108108108108070e+02,-9.444384053808289048e-01,-3.286884519445686381e-01
2.511711711711711530e+02,-9.464869897348523464e-01,-3.227419685486494494e-01
2.515315315315315274e+02,-9.484981335597952867e-01,-3.167827183316425654e-01
2.518918918918918735e+02,-9.504717573001114639e-01,-3.108109370257714499e-01
2.522522522522522479e+02,-9.524077828844514926e-01,-3.048268608589530526e-01
2.526126126126125939e+02,-9.543061337287487289e-01,-2.988307265454601125e-01
2.529729729729729684e+02,-9.561667347392509564e-01,-2.928227712765503199e-01
2.533333333333333144e+02,-9.579895123154887893e-01,-2.868032327110906499e-01
2.536936936936936888e+02,-9.597743943531890087e-01,-2.807723489661493321e-01
2.540540540540540349e+02,-9.615213102471252826e-01,-2.747303586075833248e-01
2.544144144144144093e+02,-9.632301908939125967e-01,-2.686775006405946464e-01
2.547747747747747553e+02,-9.649009686947388476e-01,-2.626140145002824888e-01
2.551351351351351298e+02,-9.665335775580412569e-01,-2.565401400421652434e-01
2.554954954954954758e+02,-9.681279529021186159e-01,-2.504561175326991407e-01
2.558558558558558502e+02,-9.696840316576875729e-01,-2.443621876397671921e-01
2.562162162162161962e+02,-9.712017522703760841e-01,-2.382585914231656887e-01
2.565765765765765423e+02,-9.726810547031600196e-01,-2.321455703250618896e-01
2.569369369369369451e+02,-9.741218804387362651e-01,-2.260233661604489630e-01
2.572972972972972912e+02,-9.755241724818386473e-01,-2.198922211075780564e-01
2.576576576576576372e+02,-9.768878753614923527e-01,-2.137523776983764889e-01
2.580180180180179832e+02,-9.782129351332082834e-01,-2.076040788088557021e-01
2.583783783783783861e+02,-9.794992993811164617e-01,-2.014475676495052492e-01
2.587387387387387321e+02,-9.807469172200394825e-01,-1.952830877556705480e-01
2.590990990990990781e+02,-9.819557392975066801e-01,-1.891108829779163947e-01
2.594594594594594241e+02,-9.831257177957041238e-01,-1.829311974723872580e-01
2.598198198198198270e+02,-9.842568064333686584e-01,-1.767442756911418167e-01
2.601801801801801730e+02,-9.853489604676165525e-01,-1.705503623724894946e-01
2.605405405405405190e+02,-9.864021366957145265e-01,-1.643497025313064019e-01
2.609009009009008651e+02,-9.874162934567888295e-01,-1.581425414493415615e-01
2.612612612612612679e+02,-9.883913906334726995e-01,-1.519291246655159466e-01
2.616216216216216139e+02,-9.893273896534935385e-01,-1.457096979662113601e-01
2.619819819819819600e+02,-9.902242534911984695e-01,-1.394845073755459630e-01
2.623423423423423060e+02,-9.910819466690194979e-01,-1.332537991456405890e-01
2.627027027027027088e+02,-9.919004352588769446e-01,-1.270178197468783410e-01
2.630630630630630549e+02,-9.926796868835202625e-01,-1.207768158581612045e-01
2.634234234234234009e+02,-9.934196707178106767e-01,-1.145310343571414452e-01
2.637837837837837469e+02,-9.941203574899392104e-01,-1.082807223104628458e-01
2.641441441441441498e+02,-9.947817194825853138e-01,-1.020261269639838181e-01
2.645045045045044958e+02,-9.954037305340125430e-01,-9.576749573300416540e-02
2.648648648648648418e+02,-9.959863660391042872e-01,-8.950507619246729496e-02
2.652252252252251878e+02,-9.965296029503366571e-01,-8.323911606717393497e-02
2.655855855855855907e+02,-9.970334197786901997e-01,-7.696986322197924002e-02
2.659459459459459367e+02,-9.974977965944996638e-01,-7.069756565199500353e-02
2.663063063063062827e+02,-9.979227150282431458e-01,-6.442247147276895791e-02
2.666666666666666288e+02,-9.983081582712681756e-01,-5.814482891047623864e-02
2.670270270270270316e+02,-9.986541110764564078e-01,-5.186488629210104367e-02
2.673873873873873777e+02,-9.989605597588273600e-01,-4.558289203561172870e-02
2.677477477477477237e+02,-9.992274921960794254e-01,-3.929909464013139897e-02
2.681081081081080697e+02,-9.994548978290692665e-01,-3.301374267611410090e-02
2.684684684684684726e+02,-9.996427676622299252e-01,-2.672708477550498826e-02
2.688288288288288186e+02,-9.997910942639260945e-01,-2.043936962191216650e-02
2.691891891891891646e+02,-9.998998717667488823e-01,-1.415084594076231918e-02
2.695495495495495106e+02,-9.999690958677468489e-01,-7.861762489468911153e-03
2.699099099099099135e+02,-9.999987638285974256e-01,-1.572368047584880900e-03
2.702702702702702595e+02,-9.999888744757140513e-01,4.717088593032200960e-03
2.706306306306306055e+02,-9.999394282002936896e-01,1.100635863806434522e-02
2.709909909909909516e+02,-9.998504269583003978e-01,1.729519330057657095e-02
2.713513513513513544e+02,-9.997218742703887218e-01,2.358334381085647538e-02
2.717117117117117004e+02,-9.995537752217639182e-01,2.987056142625314423e-02
2.720720720720720465e+02,-9.993461364619808940e-01,3.615659744101851897e-02
2.724324324324323925e+02,-9.990989662046815267e-01,4.244120319614733128e-02
2.727927927927927954e+02,-9.988122742272691479e-01,4.872413008921248206e-02
2.731531531531531414e+02,-9.984860718705224070e-01,5.500512958419291609e-02
2.735135135135134874e+02,-9.981203720381462974e-01,6.128395322131569012e-02
2.738738738738738334e+02,-9.977151891962615649e-01,6.756035262687727638e-02
2.742342342342342363e+02,-9.972705393728327206e-01,7.383407952307212418e-02
2.745945945945945823e+02,-9.967864401570343258e-01,8.010488573780678856e-02
2.749549549549549283e+02,-9.962629106985544380e-01,8.637252321452761061e-02
2.753153153153152743e+02,-9.956999717068377720e-01,9.263674402202695668e-02
2.756756756756756772e+02,-9.950976454502660218e-01,9.889730036424983217e-02
2.760360360360360232e+02,-9.944559557552775653e-01,1.051539445900978448e-01
2.763963963963963693e+02,-9.937749280054243295e-01,1.114064292032273529e-01
2.767567567567567721e+02,-9.930545891403677050e-01,1.176545068718389403e-01
2.771171171171171181e+02,-9.922949676548137310e-01,1.238979304384549701e-01
2.774774774774774642e+02,-9.914960935973848866e-01,1.301364529297071027e-01
2.778378378378378102e+02,-9.906579985694317081e-01,1.363698275660997494e-01
2.781981981981982130e+02,-9.897807157237834552e-01,1.425978077717710846e-01
2.785585585585585591e+02,-9.888642797634357162e-01,1.488201471842487689e-01
2.789189189189189051e+02,-9.879087269401781723e-01,1.550365996641971111e-01
2.792792792792792511e+02,-9.869140950531600787e-01,1.612469193051519756e-01
2.796396396396396540e+02,-9.858804234473957928e-01,1.674508604432463355e-01
2.800000000000000000e+02,-9.848077530122081313e-01,1.736481776669299704e-01
2.803603603603603460e+02,-9.836961261796101086e-01,1.798386258266798654e-01
2.807207207207206920e+02,-9.825455869226278338e-01,1.860219600446915422e-01
2.810810810810810949e+02,-9.813561807535594594e-01,1.921979357245728326e-01
2.814414414414414409e+02,-9.801279547221767308e-01,1.983663085610123666e-01
2.818018018018017870e+02,-9.788609574138614766e-01,2.045268345494507534e-01
2.821621621621621330e+02,-9.775552389476863668e-01,2.106792699957257264e-01
2.825225225225225358e+02,-9.762108509744296114e-01,2.168233715257189831e-01
2.828828828828828819e+02,-9.748278466745341486e-01,2.229588960949773768e-01
2.832432432432432279e+02,-9.734062807560027730e-01,2.290856009983297248e-01
2.836036036036035739e+02,-9.719462094522337559e-01,2.352032438794892655e-01
2.839639639639639768e+02,-9.704476905197968462e-01,2.413115827406397962e-01
2.843243243243243228e+02,-9.689107832361495420e-01,2.474103759520024926e-01
2.846846846846846688e+02,-9.673355483972903013e-01,2.534993822614043379e-01
2.850450450450450148e+02,-9.657220483153549084e-01,2.595783608038147450e-01
2.854054054054054177e+02,-9.640703468161505585e-01,2.656470711108767091e-01
2.857657657657657637e+02,-9.623805092366335412e-01,2.717052731204124827e-01
2.861261261261261097e+02,-9.606526024223212001e-01,2.777527271859300262e-01
2.864864864864864558e+02,-9.588866947246500461e-01,2.837891940860958750e-01
2.868468468468468586e+02,-9.570828559982706984e-01,2.898144350342014008e-01
2.872072072072072046e+02,-9.552411575982868719e-01,2.958282116876022050e-01
2.875675675675675507e+02,-9.533616723774295254e-01,3.018302861571560691e-01
2.879279279279278967e+02,-9.514444746831767219e-01,3.078204210166274879e-01
2.882882882882882996e+02,-9.494896403548133135e-01,3.137983793120787679e-01
2.886486486486486456e+02,-9.474972467204298976e-01,3.197639245712449174e-01
2.890090090090089916e+02,-9.454673725938637086e-01,3.257168208128897180e-01
2.893693693693693376e+02,-9.434000982715813333e-01,3.316568325561386477e-01
2.897297297297297405e+02,-9.412955055295032514e-01,3.375837248297922644e-01
2.900900900900900865e+02,-9.391536776197679792e-01,3.434972631816227695e-01
2.904504504504504325e+02,-9.369746992674381492e-01,3.493972136876508094e-01
2.908108108108107785e+02,-9.347586566671512998e-01,3.552833429613930782e-01
2.911711711711711814e+02,-9.325056374797074943e-01,3.611554181631009830e-01
2.915315315315315274e+02,-9.302157308286042037e-01,3.670132070089655585e-01
2.918918918918918735e+02,-9.278890272965094610e-01,3.728564777803083929e-01
2.922522522522522195e+02,-9.255256189216782836e-01,3.786849993327494057e-01
2.926126126126126223e+02,-9.231255991943124739e-01,3.844985411053488122e-01
2.929729729729729684e+02,-9.206890630528630215e-01,3.902968731297256078e-01
2.933333333333333144e+02,-9.182161068802741077e-01,3.960797660391565111e-01
2.936936936936936604e+02,-9.157068285001694896e-01,4.018469910776503728e-01
2.940540540540540633e+02,-9.131613271729831505e-01,4.075983201089966590e-01
2.944144144144144093e+02,-9.105797035920355498e-01,4.133335256257839041e-01
2.947747747747747553e+02,-9.079620598795463682e-01,4.190523807584094484e-01
2.951351351351351013e+02,-9.053084995825970704e-01,4.247546592840468760e-01
2.954954954954955042e+02,-9.026191276690338494e-01,4.304401356355984087e-01
2.958558558558558502e+02,-8.998940505233182785e-01,4.361085849106108858e-01
2.962162162162161962e+02,-8.971333759423143484e-01,4.417597828801825277e-01
2.965765765765765423e+02,-8.943372131310277640e-01,4.473935059978259021e-01
2.969369369369369451e+02,-8.915056726982838464e-01,4.530095314083142366e-01
2.972972972972972912e+02,-8.886388666523560298e-01,4.586076369564905941e-01
2.976576576576576372e+02,-8.857369083965297429e-01,4.641876011960653914e-01
2.980180180180179832e+02,-8.827999127246197730e-01,4.697492033983705073e-01
2.983783783783783861e+02,-8.798279958164293424e-01,4.752922235610899659e-01
2.987387387387387321e+02,-8.768212752331537851e-01,4.808164424169643625e-01
2.990990990990990781e+02,-8.737798699127286017e-01,4.863216414424667011e-01
2.994594594594594241e+02,-8.707039001651277754e-01,4.918076028664412624e-01
2.998198198198198270e+02,-8.675934876676013596e-01,4.972741096787240411e-01
3.001801801801801730e+02,-8.644487554598652146e-01,5.027209456387212727e-01
3.005405405405405190e+02,-8.612698279392309031e-01,5.081478952839690866e-01
3.009009009009008651e+02,-8.580568308556878465e-01,5.135547439386510815e-01
3.012612612612612679e+02,-8.548098913069260840e-01,5.189412777220956396e-01
3.016216216216216139e+02,-8.515291377333111811e-01,5.243072835572317736e-01
3.019819819819819600e+02,-8.482146999128025167e-01,5.296525491790202711e-01
3.023423423423423060e+02,-8.448667089558182797e-01,5.349768631428509780e-01
3.027027027027027088e+02,-8.414852973000503944e-01,5.402800148329066632e-01
3.030630630630630549e+02,-8.380705987052264883e-01,5.455617944704919120e-01
3.034234234234234009e+02,-8.346227482478175697e-01,5.508219931223335974e-01
3.037837837837837469e+02,-8.311418823156940805e-01,5.560604027088468237e-01
3.041441441441441498e+02,-8.276281386027309894e-01,5.612768160123654537e-01
3.045045045045044958e+02,-8.240816561033644794e-01,5.664710266853337783e-01
3.048648648648648418e+02,-8.205025751070877948e-01,5.716428292584782023e-01
3.052252252252251878e+02,-8.168910371929060110e-01,5.767920191489288584e-01
3.055855855855855907e+02,-8.132471852237328491e-01,5.819183926683152430e-01
3.059459459459459367e+02,-8.095711633407441932e-01,5.870217470308184415e-01
3.063063063063062827e+02,-8.058631169576695452e-01,5.921018803612004833e-01
3.066666666666666288e+02,-8.021231927550439567e-01,5.971585917027858459e-01
3.070270270270270316e+02,-7.983515386744058917e-01,6.021916810254095420e-01
3.073873873873873777e+02,-7.945483039124439095e-01,6.072009492333313441e-01
3.077477477477477237e+02,-7.907136389150942746e-01,6.121861981731129276e-01
3.081081081081080697e+02,-7.868476953715902722e-01,6.171472306414548248e-01
3.084684684684684726e+02,-7.829506262084631185e-01,6.220838503929959629e-01
3.088288288288288186e+02,-7.790225855834914670e-01,6.269958621480780092e-01
3.091891891891891646e+02,-7.750637288796017321e-01,6.318830716004719683e-01
3.095495495495495106e+02,-7.710742126987251144e-01,6.367452854250600369e-01
3.099099099099099135e+02,-7.670541948555988920e-01,6.415823112854881494e-01
3.102702702702702595e+02,-7.630038343715277449e-01,6.463939578417686738e-01
3.106306306306306055e+02,-7.589232914680891229e-01,6.511800347578554637e-01
3.109909909909909516e+02,-7.548127275607994235e-01,6.559403527091670627e-01
3.113513513513513544e+02,-7.506723052527245477e-01,6.606747233900811533e-01
3.117117117117117004e+02,-7.465021883280520409e-01,6.653829595213793802e-01
3.120720720720720465e+02,-7.423025417456096120e-01,6.700648748576569780e-01
3.124324324324323925e+02,-7.380735316323395745e-01,6.747202841946918772e-01
3.127927927927927954e+02,-7.338153252767274370e-01,6.793490033767700664e-01
3.131531531531531414e+02,-7.295280911221885267e-01,6.839508493039655468e-01
3.135135135135134874e+02,-7.252119987603976581e-01,6.885256399393917537e-01
3.138738738738738334e+02,-7.208672189245858286e-01,6.930731943163963571e-01
3.142342342342342363e+02,-7.164939234827830683e-01,6.975933325457230882e-01
3.145945945945945823e+02,-7.120922854310256511e-01,7.020858758226223850e-01
3.149549549549549283e+02,-7.076624788865049087e-01,7.065506464339318393e-01
3.153153153153152743e+02,-7.032046790806847358e-01,7.109874677651014663e-01
3.156756756756756772e+02,-6.987190623523673594e-01,7.153961643071820031e-01
3.160360360360360232e+02,-6.942058061407228031e-01,7.197765616637632480e-01
3.163963963963963693e+02,-6.896650889782625082e-01,7.241284865578796470e-01
3.167567567567567153e+02,-6.850970904837812014e-01,7.284517668388605927e-01
3.171171171171171181e+02,-6.805019913552524669e-01,7.327462314891397543e-01
3.174774774774774642e+02,-6.758799733626794648e-01,7.370117106310208888e-01
3.178378378378378102e+02,-6.712312193409034622e-01,7.412480355333994630e-01
3.181981981981981562e+02,-6.665559131823725059e-01,7.454550386184357613e-01
3.185585585585585591e+02,-6.618542398298681295e-01,7.496325534681823610e-01
3.189189189189189051e+02,-6.571263852691890950e-01,7.537804148311690877e-01
3.192792792792792511e+02,-6.523725365217911687e-01,7.578984586289407854e-01
3.196396396396395971e+02,-6.475928816373945907e-01,7.619865219625445718e-01
3.200000000000000000e+02,-6.427876096865395850e-01,7.660444431189777914e-01
3.203603603603603460e+02,-6.379569107531118943e-01,7.700720615775812350e-01
3.207207207207206920e+02,-6.331009759268215742e-01,7.740692180163903924e-01
3.210810810810810381e+02,-6.282199972956430400e-01,7.780357543184389657e-01
3.214414414414414409e+02,-6.233141679382170341e-01,7.819715135780127557e-01
3.218018018018017870e+02,-6.183836819162153997e-01,7.858763401068548093e-01
3.221621621621621330e+02,-6.134287342666622234e-01,7.897500794403257141e-01
3.225225225225224790e+02,-6.084495209942178962e-01,7.935925783435142655e-01
3.228828828828828819e+02,-6.034462390634259821e-01,7.974036848172991743e-01
3.232432432432432279e+02,-5.984190863909270020e-01,8.011832481043573706e-01
3.236036036036035739e+02,-5.933682618376209250e-01,8.049311186951344510e-01
3.239639639639639768e+02,-5.882939652008053466e-01,8.086471483337548394e-01
3.243243243243243228e+02,-5.831963972062732537e-01,8.123311900238859851e-01
3.246846846846846688e+02,-5.780757595003710447e-01,8.159830980345543772e-01
3.250450450450450148e+02,-5.729322546420205775e-01,8.196027279059110437e-01
3.254054054054054177e+02,-5.677660860947074672e-01,8.231899364549455367e-01
3.257657657657657637e+02,-5.625774582184370765e-01,8.267445817811464037e-01
3.261261261261261097e+02,-5.573665762616425434e-01,8.302665232721204713e-01
3.264864864864864558e+02,-5.521336463530710503e-01,8.337556216091510652e-01
3.268468468468468586e+02,-5.468788754936271257e-01,8.372117387727109339e-01
3.272072072072072046e+02,-5.416024715481901897e-01,8.406347380479181064e-01
3.275675675675675507e+02,-5.363046432373830275e-01,8.440244840299500062e-01
3.279279279279278967e+02,-5.309856001293205008e-01,8.473808426293960583e-01
3.282882882882882996e+02,-5.256455526313205118e-01,8.507036810775615576e-01
3.286486486486486456e+02,-5.202847119815792176e-01,8.539928679317205784e-01
3.290090090090089916e+02,-5.149032902408133827e-01,8.572482730803163697e-01
3.293693693693693376e+02,-5.095015002838734208e-01,8.604697677481074614e-01
3.297297297297297405e+02,-5.040795557913245739e-01,8.636572245012605897e-01
3.300900900900900865e+02,-4.986376712409918421e-01,8.668105172523926649e-01
3.304504504504504325e+02,-4.931760618994743828e-01,8.699295212655596687e-01
3.308108108108107785e+02,-4.876949438136349846e-01,8.730141131611879324e-01
3.311711711711711814e+02,-4.821945338020477978e-01,8.760641709209581185e-01
3.315315315315315274e+02,-4.766750494464279675e-01,8.790795738926285852e-01
3.318918918918918735e+02,-4.711367090830179682e-01,8.820602027948113433e-01
3.322522522522522195e+02,-4.655797317939576740e-01,8.850059397216870627e-01
3.326126126126126223e+02,-4.600043373986111850e-01,8.879166681476728940e-01
3.329729729729729684e+02,-4.544107464448772782e-01,8.907922729320284505e-01
3.333333333333333144e+02,-4.487991802004624442e-01,8.936326403234121640e-01
3.336936936936936604e+02,-4.431698606441267785e-01,8.964376579643813514e-01
3.340540540540540633e+02,-4.375230104569046152e-01,8.992072148958366595e-01
3.344144144144144093e+02,-4.318588530132973502e-01,9.019412015614095557e-01
3.347747747747747553e+02,-4.261776123724356768e-01,9.046395098117978595e-01
3.351351351351351013e+02,-4.204795132692151771e-01,9.073020329090439873e-01
3.354954954954955042e+02,-4.147647811054066547e-01,9.099286655307569083e-01
3.358558558558558502e+02,-4.090336419407459845e-01,9.125193037742761470e-01
3.362162162162161962e+02,-4.032863224839817740e-01,9.150738451607858259e-01
3.365765765765765423e+02,-3.975230500839139203e-01,9.175921886393660909e-01
3.369369369369369451e+02,-3.917440527203971401e-01,9.200742345909914688e-01
3.372972972972972912e+02,-3.859495589953289563e-01,9.225198848324686063e-01
3.376576576576576372e+02,-3.801397981235973833e-01,9.249290426203248261e-01
3.380180180180179832e+02,-3.743149999240191761e-01,9.273016126546321791e-01
3.383783783783783861e+02,-3.684753948102498233e-01,9.296375010827772067e-01
3.387387387387387321e+02,-3.626212137816672842e-01,9.319366155031737486e-01
3.390990990990990781e+02,-3.567526884142325772e-01,9.341988649689194624e-01
3.394594594594594241e+02,-3.508700508513309391e-01,9.364241599913921688e-01
3.398198198198198270e+02,-3.449735337945905589e-01,9.386124125437892429e-01
3.401801801801801730e+02,-3.390633704946757199e-01,9.407635360646108280e-01
3.405405405405405190e+02,-3.331397947420576822e-01,9.428774454610840960e-01
3.409009009009008651e+02,-3.272030408577721872e-01,9.449540571125281119e-01
3.412612612612612679e+02,-3.212533436841438772e-01,9.469932888736631860e-01
3.416216216216216139e+02,-3.152909385755031102e-01,9.489950600778584988e-01
3.419819819819819600e+02,-3.093160613888691346e-01,9.509592915403252134e-01
3.423423423423423060e+02,-3.033289484746273246e-01,9.528859055612465268e-01
3.427027027027027088e+02,-2.973298366671726090e-01,9.547748259288534323e-01
3.430630630630630549e+02,-2.913189632755471270e-01,9.566259779224377535e-01
3.434234234234234009e+02,-2.852965660740501841e-01,9.584392883153085574e-01
3.437837837837837469e+02,-2.792628832928308880e-01,9.602146853776891700e-01
3.441441441441441498e+02,-2.732181536084654638e-01,9.619520988795549066e-01
3.445045045045044958e+02,-2.671626161345213579e-01,9.636514600934086294e-01
3.448648648648648418e+02,-2.610965104120887559e-01,9.653127017970032364e-01
3.452252252252251878e+02,-2.550200764003114351e-01,9.669357582759980918e-01
3.455855855855855907e+02,-2.489335544668913602e-01,9.685205653265599457e-01
3.459459459459459367e+02,-2.428371853785873391e-01,9.700670602579006818e-01
3.463063063063062827e+02,-2.367312102916804273e-01,9.715751818947601093e-01
3.466666666666666288e+02,-2.306158707424413035e-01,9.730448705798235842e-01
3.470270270270270316e+02,-2.244914086375724704e-01,9.744760681760832322e-01
3.473873873873873777e+02,-2.183580662446457654e-01,9.758687180691359986e-01
3.477477477477477237e+02,-2.122160861825087008e-01,9.772227651694254114e-01
3.481081081081080697e+02,-2.060657114116929700e-01,9.785381559144195052e-01
3.484684684684684726e+02,-1.999071852248046066e-01,9.798148382707294601e-01
3.488288288288288186e+02,-1.937407512368981288e-01,9.810527617361679553e-01
3.491891891891891646e+02,-1.875666533758380827e-01,9.822518773417479032e-01
3.495495495495495106e+02,-1.813851358726516205e-01,9.834121376536185677e-01
3.499099099099099135e+02,-1.751964432518691162e-01,9.845334967749419519e-01
3.502702702702702595e+02,-1.690008203218496818e-01,9.856159103477083461e-01
3.506306306306306055e+02,-1.627985121650945555e-01,9.866593355544919230e-01
3.509909909909909516e+02,-1.565897641285583786e-01,9.876637311201431624e-01
3.513513513513513544e+02,-1.503748218139369930e-01,9.886290573134226545e-01
3.517117117117117004e+02,-1.441539310679581798e-01,9.895552759485719552e-01
3.520720720720720465e+02,-1.379273379726539406e-01,9.904423503868244882e-01
3.524324324324323925e+02,-1.316952888356244522e-01,9.912902455378552746e-01
3.527927927927927954e+02,-1.254580301802964704e-01,9.920989278611683782e-01
3.531531531531531414e+02,-1.192158087361733648e-01,9.928683653674237330e-01
3.535135135135134874e+02,-1.129688714290733309e-01,9.935985276197029092e-01
3.538738738738738334e+02,-1.067174653713598848e-01,9.942893857347128161e-01
3.542342342342342363e+02,-1.004618378521676403e-01,9.949409123839288993e-01
3.545945945945945823e+02,-9.420223632762640686e-02,9.955530817946746103e-01
3.549549549549549283e+02,-8.793890841106188905e-02,9.961258697511429228e-01
3.553153153153152743e+02,-8.167210186320776610e-02,9.966592535953527898e-01
3.556756756756756772e+02,-7.540206458240140963e-02,9.971532122280464261e-01
3.560360360360360232e+02,-6.912904459478484698e-02,9.976077261095226412e-01
3.563963963963963693e+02,-6.285329004448272916e-02,9.980227772604111092e-01
3.567567567567567153e+02,-5.657504918379360759e-02,9.983983492623830225e-01
3.571171171171171181e+02,-5.029457036336615339e-02,9.987344272588005722e-01
3.574774774774774642e+02,-4.401210202238210745e-02,9.990309979553043673e-01
3.578378378378378102e+02,-3.772789267871810154e-02,9.992880496203400131e-01
3.581981981981981562e+02,-3.144219091912111436e-02,9.995055720856215187e-01
3.585585585585585591e+02,-2.515524538937595131e-02,9.996835567465337524e-01
3.589189189189189051e+02,-1.886730478446767625e-02,9.998219965624731698e-01
3.592792792792792511e+02,-1.257861783874123299e-02,9.999208860571254798e-01
3.596396396396395971e+02,-6.289433316068404611e-03,9.999802213186832489e-01
3.600000000000000000e+02,-2.449293598294706414e-16,1.000000000000000000e+00
